ID,Name,Country,Age,Gender,Install_Date
1,Vorosethra,Montenegro,22,0.669648,"2022-06-12 15:11:34"
2,Vorithra,Botswana,87,0.673115,"2022-11-10 03:46:09"
3,Zubesekira,Congo,48,0.384777,"2022-08-27 22:33:59"
4,Islyvea,Kiribati,91,0.484933,"2022-10-22 12:01:18"
5,Gelenn,Kiribati,79,0.106255,"2022-10-17 23:21:26"
6,Islyldamina,Czech_Republic,76,0.112058,"2022-01-14 12:43:32"
7,Zubyriwen,Mongolia,76,0.374125,"2022-02-02 21:29:32"
8,Guldatha,Mongolia,45,0.312831,"2022-06-01 04:04:44"
9,Ivelenor,Slovakia,64,0.468932,"2022-04-30 08:58:15"
10,Emyda,Slovakia,87,0.739004,"2022-06-26 20:33:06"
11,Neriritta,Czech_Republic,23,0.0389637,"2022-03-14 18:10:57"
12,Xerunn,Slovakia,80,0.29715,"2022-08-30 23:32:19"
13,Salathra,Mongolia,32,0.573882,"2022-01-11 17:34:28"
14,Xeroramina,Uganda,88,0.271503,"2022-12-01 13:12:35"
15,Cyrita,Serbia,51,0.456541,"2022-11-24 21:32:09"
16,Aromimina,Kiribati,23,0.0201991,"2022-09-25 04:48:26"
17,Adema,Czech_Republic,82,0.877577,"2022-03-12 16:28:50"
18,Ce'Nelranor,Slovakia,73,0.27577,"2022-01-15 15:56:56"
19,Bethunor,Singapore,83,0.624565,"2022-06-05 18:28:42"
20,Adarawe,Slovakia,76,0.453115,"2022-06-16 22:30:56"
21,Zubuyadassra,Kiribati,84,0.722392,"2022-09-08 01:01:31"
22,Glama,Czech_Republic,71,0.59987,"2022-07-03 09:35:15"
23,Arolenn,Uganda,75,0.420032,"2022-03-11 03:22:46"
24,Xanara,Mongolia,37,0.638959,"2022-11-15 11:01:35"
25,Isyta,Serbia,44,0.598163,"2022-02-12 20:29:36"
26,Belonn,Serbia,74,0.711419,"2022-04-28 20:36:46"
27,Nerimira,Uganda,66,0.0436174,"2022-05-18 02:32:30"
28,Eilinunne,Kiribati,47,0.0508113,"2022-04-03 13:48:27"
29,Betywen,Uganda,14,0.780253,"2022-05-10 15:01:13"
30,Nerelaith,Kiribati,43,0.265129,"2022-06-24 03:45:34"
31,Glelaith,Czech_Republic,55,0.948064,"2022-08-01 15:40:57"
32,Gelramina,Singapore,21,0.199891,"2022-11-02 17:47:02"
33,Aerylrathra,Mongolia,28,0.975622,"2022-03-28 11:18:44"
34,Emedaminn,Uganda,28,0.701998,"2022-11-04 22:05:57"
35,Glorassra,Singapore,87,0.829792,"2022-10-24 04:49:09"
36,Nerinne,Mongolia,12,0.440265,"2022-07-05 18:31:10"
37,Zubelramira,Czech_Republic,14,0.508717,"2022-01-05 02:27:09"
38,Glyta,Singapore,52,0.628637,"2022-12-10 12:45:59"
39,Isodheba,Mongolia,82,0.87211,"2022-01-12 13:26:09"
40,Eilinoyatira,Serbia,83,0.424837,"2022-05-20 08:28:17"
41,Beteda,Uganda,58,0.225663,"2022-08-22 17:14:10"
42,Adewen,Congo,25,0.557935,"2022-12-17 01:04:44"
43,Adewyn,Kiribati,64,0.228229,"2022-08-10 07:59:30"
44,Nerita,Czech_Republic,54,0.0475624,"2022-05-22 15:06:46"
45,Layibrevena,Congo,67,0.234716,"2022-07-25 17:53:43"
46,Xanatira,Congo,20,0.187836,"2022-02-23 01:40:57"
47,Bethinne,Congo,80,0.14826,"2022-09-05 12:39:38"
48,Ce'Nyrelenn,Congo,90,0.543281,"2022-09-02 10:08:12"
49,Mayetira,Mongolia,13,0.130965,"2022-02-13 07:17:51"
50,Emelyrekira,Congo,90,0.774369,"2022-10-03 10:09:03"
51,Velylle,Mongolia,98,0.108999,"2022-05-26 03:40:32"
52,Betoretira,Mongolia,84,0.165994,"2022-07-06 19:16:59"
53,Yvoda,Slovakia,82,0.155786,"2022-02-25 02:42:16"
54,Emeliramina,Slovakia,27,0.490864,"2022-11-08 11:02:13"
55,Layunn,Kiribati,28,0.861311,"2022-01-11 13:17:56"
56,Zubuwen,Serbia,27,0.581692,"2022-02-11 21:18:28"
57,Poryna,Serbia,17,0.446832,"2022-03-31 07:18:33"
58,Emaleta,Kiribati,22,0.0321474,"2022-11-13 09:16:55"
59,Eilinosekira,Congo,43,0.960386,"2022-08-31 20:45:59"
60,Aruretta,Czech_Republic,39,0.769475,"2022-07-14 07:24:18"
61,Emelurema,Kiribati,89,0.4063,"2022-04-17 07:24:17"
62,Silolaith,Slovakia,12,0.858594,"2022-04-14 04:52:35"
63,Emerin,Mongolia,95,0.779403,"2022-09-12 09:00:34"
64,Xanurawe,Congo,85,0.74637,"2022-01-22 07:55:26"
65,Ce'Nothra,Serbia,71,0.443762,"2022-04-18 19:14:19"
66,Xeroth,Uganda,90,0.86377,"2022-03-31 06:15:57"
67,Polana,Czech_Republic,38,0.0650203,"2022-08-31 11:24:03"
68,Layana,Serbia,13,0.48864,"2022-03-30 14:39:01"
69,Porurina,Mongolia,92,0.814767,"2022-04-06 05:11:43"
70,Betoma,Congo,78,0.849106,"2022-10-28 19:43:38"
71,Nerykira,Kiribati,58,0.319295,"2022-07-27 03:25:34"
72,Adobrevea,Slovakia,69,0.503305,"2022-02-16 02:32:06"
73,Liseriaseba,Slovakia,40,0.649033,"2022-11-30 00:39:31"
74,Betharaba,Singapore,96,0.880751,"2022-01-14 21:49:31"
75,Layariabeth,Slovakia,51,0.0227272,"2022-03-04 09:26:04"
76,Glyma,Slovakia,14,0.865737,"2022-01-25 16:11:45"
77,Ivalrarin,Serbia,55,0.349701,"2022-07-05 18:24:24"
78,Adubreriawe,Uganda,22,0.0825319,"2022-12-15 02:46:45"
79,Velaldata,Czech_Republic,66,0.309728,"2022-02-22 03:29:25"
80,Emeloda,Mongolia,22,0.235801,"2022-02-17 09:48:44"
81,Emusenn,Singapore,74,0.326897,"2022-06-21 23:42:15"
82,Aridheba,Czech_Republic,77,0.131231,"2022-02-12 11:47:39"
83,Belyssra,Slovakia,15,0.670162,"2022-01-26 14:32:56"
84,Emowen,Congo,98,0.0342041,"2022-06-29 03:09:16"
85,Bethudann,Czech_Republic,18,0.262538,"2022-04-06 08:45:37"
86,Islina,Uganda,18,0.448294,"2022-11-25 23:49:11"
87,Cyrelratira,Singapore,13,0.622352,"2022-04-27 02:45:07"
88,Xererena,Serbia,29,0.721179,"2022-11-29 22:27:30"
89,Polariwen,Congo,26,0.426849,"2022-05-08 08:59:28"
90,Adywe,Mongolia,80,0.434689,"2022-01-27 18:23:48"
91,Bethiridann,Serbia,41,0.374792,"2022-05-18 07:27:33"
92,Lisora,Uganda,94,0.972165,"2022-05-18 11:29:34"
93,Silovena,Serbia,48,0.41459,"2022-04-22 08:13:28"
94,Xyralle,Czech_Republic,82,0.283989,"2022-03-11 02:27:29"
95,Layivena,Uganda,78,0.457871,"2022-11-09 10:11:27"
96,Isligalle,Congo,58,0.668225,"2022-02-08 06:54:35"
97,Glewen,Singapore,56,0.0728122,"2022-06-01 04:32:48"
98,Belodhelle,Congo,89,0.878231,"2022-02-24 21:27:25"
99,Yvath,Singapore,36,0.0665705,"2022-06-28 04:35:14"
100,Poloba,Slovakia,83,0.609779,"2022-05-08 05:45:21"
101,Emelethra,Czech_Republic,89,0.996903,"2022-04-10 16:33:56"
102,Isarayavea,Czech_Republic,86,0.889854,"2022-07-22 09:40:02"
103,Isletira,Congo_Democratic_Rep,83,0.490928,"2022-07-15 06:59:04"
104,Gytira,Oman,53,0.722865,"2022-11-25 20:31:07"
105,Xerivena,Oman,78,0.507916,"2022-08-15 23:26:30"
106,Ce'Neldassra,Oman,15,0.966857,"2022-02-27 14:03:44"
107,Emelebrebeth,Oman,51,0.513205,"2022-12-29 17:56:17"
108,Ce'Nodassra,Congo_Democratic_Rep,92,0.826366,"2022-11-25 12:47:45"
109,Glorikira,Congo_Democratic_Rep,21,0.827046,"2022-03-08 11:15:53"
110,Gima,Oman,79,0.158346,"2022-05-02 00:16:50"
111,Xanulle,Congo_Democratic_Rep,92,0.667639,"2022-02-25 09:14:51"
112,Ce'Nota,Congo_Democratic_Rep,13,0.94842,"2022-05-05 20:41:32"
113,Betorin,Congo_Democratic_Rep,12,0.227362,"2022-04-03 14:35:44"
114,Silana,Congo_Democratic_Rep,18,0.949235,"2022-02-28 12:55:28"
115,Velana,Oman,57,0.425061,"2022-03-23 21:58:37"
116,Zubagada,Oman,32,0.319216,"2022-06-22 07:37:55"
117,Elerithra,Congo_Democratic_Rep,65,0.675032,"2022-12-10 20:38:32"
118,Emererin,Congo_Democratic_Rep,31,0.383573,"2022-09-22 03:57:14"
119,Poromivea,Oman,90,0.895493,"2022-03-14 03:58:30"
120,Polera,Congo_Democratic_Rep,81,0.785373,"2022-08-11 00:21:20"
121,Zubabeth,Oman,12,0.392257,"2022-05-14 01:50:24"
122,Bethoriaba,Oman,71,0.719925,"2022-08-28 00:14:47"
123,Silawyn,Oman,23,0.88276,"2022-10-11 08:42:04"
124,Isylewe,Congo_Democratic_Rep,28,0.303183,"2022-02-12 08:32:53"
125,Emoth,Oman,39,0.862617,"2022-03-30 17:57:23"
126,Aeranor,Congo_Democratic_Rep,26,0.434354,"2022-06-06 18:55:36"
127,Ce'Nimimira,Congo_Democratic_Rep,96,0.0321956,"2022-03-25 00:25:18"
128,Ce'Niwen,Oman,91,0.766856,"2022-04-09 08:00:14"
129,Silyrawen,Oman,36,0.502674,"2022-07-21 18:18:50"
130,Gylramira,Congo_Democratic_Rep,28,0.455908,"2022-11-17 06:07:08"
131,Arille,Congo_Democratic_Rep,78,0.991956,"2022-05-15 08:57:59"
132,Vorotha,Congo_Democratic_Rep,75,0.76786,"2022-09-10 17:08:59"
133,Voravea,Oman,20,0.615384,"2022-03-03 18:32:24"
134,Zubavena,Oman,13,0.0978877,"2022-02-09 12:09:13"
135,Veloba,Oman,80,0.796067,"2022-11-27 20:13:51"
136,Siluriara,Congo_Democratic_Rep,59,0.300491,"2022-02-04 16:20:47"
137,Lisille,Oman,63,0.328338,"2022-08-29 14:34:49"
138,Vorubrewe,Oman,78,0.675613,"2022-01-10 21:31:45"
139,Eilinithra,Oman,72,0.0552826,"2022-08-19 17:35:50"
140,Bethyta,Oman,75,0.246606,"2022-09-10 01:11:49"
141,Salodawe,Oman,66,0.601453,"2022-03-12 02:55:55"
142,Polyda,Oman,62,0.988939,"2022-10-16 08:07:34"
143,Emelogana,Oman,45,0.632971,"2022-04-30 10:03:27"
144,Ce'Niwen,Congo_Democratic_Rep,85,0.265392,"2022-09-04 09:07:04"
145,Araraba,Congo_Democratic_Rep,52,0.299347,"2022-03-26 04:41:59"
146,Emilrakira,Oman,77,0.230376,"2022-02-02 09:17:45"
147,Xanusema,Oman,74,0.554279,"2022-05-29 09:29:57"
148,Gligassra,Congo_Democratic_Rep,60,0.914851,"2022-08-24 10:11:16"
149,Emerara,Oman,92,0.488878,"2022-03-22 05:07:18"
150,Poridhena,Congo_Democratic_Rep,50,0.239032,"2022-12-08 09:37:39"
151,Beluvea,Congo_Democratic_Rep,70,0.381372,"2022-09-25 17:31:58"
152,Polebremina,Oman,84,0.269575,"2022-09-27 00:41:48"
153,Ivydalle,Oman,91,0.707973,"2022-08-15 01:37:40"
154,Polyth,Oman,50,0.701053,"2022-12-11 08:12:23"
155,Polukira,Congo_Democratic_Rep,12,0.432737,"2022-05-08 23:47:31"
156,Godheba,Congo_Democratic_Rep,83,0.541494,"2022-08-25 23:26:24"
157,Ivelle,Oman,30,0.0386559,"2022-10-29 22:43:57"
158,Lisoyamina,Oman,91,0.316468,"2022-05-05 11:15:12"
159,Glayamina,Congo_Democratic_Rep,14,0.827659,"2022-03-23 23:45:46"
160,Poligasena,Oman,69,0.0450697,"2022-10-02 05:21:29"
161,Gyvea,Congo_Democratic_Rep,90,0.234879,"2022-07-10 13:35:57"
162,Gloriama,Congo_Democratic_Rep,66,0.497426,"2022-12-15 22:51:23"
163,Siluth,Congo_Democratic_Rep,43,0.142114,"2022-05-18 22:52:44"
164,Zubeba,Oman,15,0.696332,"2022-03-23 12:55:35"
165,Cyraritta,Oman,83,0.0904325,"2022-01-03 13:35:06"
166,Ivomina,Oman,80,0.75885,"2022-04-23 22:25:03"
167,Emossra,Congo_Democratic_Rep,13,0.354851,"2022-02-23 06:07:32"
168,Xeriba,Congo_Democratic_Rep,22,0.4481,"2022-08-09 09:04:00"
169,Porora,Oman,82,0.265742,"2022-04-28 05:57:09"
170,Gloranne,Oman,79,0.927818,"2022-03-28 03:31:38"
171,Nerora,Oman,38,0.830229,"2022-07-27 15:01:07"
172,Vorurassra,Congo_Democratic_Rep,96,0.580069,"2022-04-12 23:40:38"
173,Isyrathra,Oman,93,0.486469,"2022-04-24 02:29:53"
174,Gelrabeth,Congo_Democratic_Rep,38,0.172546,"2022-12-09 21:21:40"
175,Polynor,Congo_Democratic_Rep,50,0.264387,"2022-12-09 19:54:05"
176,Porymira,Congo_Democratic_Rep,15,0.838773,"2022-05-18 00:28:17"
177,Aeramiwe,Congo_Democratic_Rep,30,0.976381,"2022-04-16 18:02:15"
178,Poloma,Oman,51,0.544234,"2022-06-10 23:13:29"
179,Bethomina,Congo_Democratic_Rep,40,0.877406,"2022-07-03 20:04:45"
180,Glurimira,Congo_Democratic_Rep,51,0.377275,"2022-09-04 01:24:37"
181,Velita,Congo_Democratic_Rep,73,0.392492,"2022-04-25 17:53:38"
182,Polaldabeth,Oman,25,0.464598,"2022-11-02 07:59:22"
183,Beteyavena,Congo_Democratic_Rep,56,0.748268,"2022-04-13 00:32:36"
184,Emelyretta,Oman,35,0.596946,"2022-06-02 18:00:46"
185,Aerelerin,Oman,84,0.409604,"2022-01-13 05:58:59"
186,Betoldaminne,Congo_Democratic_Rep,22,0.470993,"2022-04-15 18:51:22"
187,Adawen,Oman,97,0.887764,"2022-07-14 07:11:12"
188,Glebrekira,Oman,34,0.525276,"2022-08-04 01:13:11"
189,Arilaith,Oman,16,0.087929,"2022-01-08 06:45:22"
190,Velybeth,Oman,80,0.994077,"2022-05-04 06:34:17"
191,Emekira,Congo_Democratic_Rep,96,0.343163,"2022-02-07 15:43:03"
192,Emina,Congo_Democratic_Rep,31,0.283997,"2022-07-18 16:39:01"
193,Layolle,Congo_Democratic_Rep,61,0.675381,"2022-05-22 07:59:20"
194,Gloruba,Oman,52,0.957144,"2022-01-29 16:46:49"
195,Xama,Oman,98,0.621036,"2022-09-01 08:35:35"
196,Emilera,Oman,47,0.207321,"2022-10-25 10:17:38"
197,Polelraba,Oman,58,0.436531,"2022-05-02 14:24:23"
198,Elussra,Congo_Democratic_Rep,66,0.694094,"2022-03-05 01:51:18"
199,Emith,Oman,18,0.62571,"2022-06-22 06:04:53"
200,Emelykira,Congo_Democratic_Rep,32,0.9082,"2022-08-31 03:48:24"
201,Emelobrelaith,Oman,67,0.99695,"2022-02-02 13:05:06"
202,Xanotha,Congo_Democratic_Rep,68,0.285794,"2022-12-23 03:36:29"
203,Zubevea,El_Salvador,97,0.884003,"2022-11-09 06:00:36"
204,Zuberetira,El_Salvador,77,0.968313,"2022-01-03 21:52:55"
205,Salynne,El_Salvador,38,0.0464603,"2022-08-15 22:58:00"
206,Adayaba,El_Salvador,79,0.447297,"2022-01-16 15:50:18"
207,Xarassra,El_Salvador,52,0.113638,"2022-07-09 02:05:59"
208,Xanyrin,El_Salvador,58,0.531831,"2022-05-31 23:32:34"
209,Zubissra,El_Salvador,21,0.959413,"2022-01-14 08:36:52"
210,Eilinata,El_Salvador,50,0.82088,"2022-03-04 03:38:34"
211,Yvumina,El_Salvador,67,0.332553,"2022-08-22 19:12:06"
212,Neraletira,El_Salvador,44,0.140689,"2022-12-30 06:20:52"
213,Eilinibrera,El_Salvador,64,0.235132,"2022-07-31 23:23:43"
214,Emewe,El_Salvador,41,0.98338,"2022-11-25 15:06:07"
215,Isleserin,El_Salvador,33,0.992146,"2022-11-05 22:05:41"
216,Emydhessra,El_Salvador,42,0.532983,"2022-08-02 11:31:09"
217,Aerytha,El_Salvador,80,0.529414,"2022-07-03 20:09:39"
218,Emyna,El_Salvador,27,0.706699,"2022-05-21 08:39:39"
219,Iseleth,El_Salvador,60,0.460533,"2022-05-21 04:54:32"
220,Betirianor,El_Salvador,29,0.765342,"2022-06-20 22:08:59"
221,Belerann,El_Salvador,93,0.419233,"2022-04-07 22:23:10"
222,Mayimira,El_Salvador,97,0.146746,"2022-07-20 07:42:40"
223,Iverewen,El_Salvador,32,0.879677,"2022-11-10 00:29:22"
224,Aeryriavena,El_Salvador,54,0.282643,"2022-06-17 20:39:33"
225,Siluldatira,El_Salvador,73,0.127727,"2022-12-14 04:32:05"
226,Nerivena,El_Salvador,86,0.583756,"2022-07-28 05:07:31"
227,Ce'Nuthra,El_Salvador,70,0.888795,"2022-12-15 09:38:44"
228,Lisysenor,El_Salvador,44,0.849236,"2022-02-17 17:02:48"
229,Eliseba,El_Salvador,45,0.58167,"2022-05-15 00:13:20"
230,Neranor,El_Salvador,87,0.559856,"2022-11-13 11:40:30"
231,Layemina,El_Salvador,26,0.795372,"2022-07-25 19:24:45"
232,Betymiwyn,El_Salvador,71,0.924014,"2022-09-25 02:38:14"
233,Layowyn,El_Salvador,68,0.102514,"2022-08-10 04:07:56"
234,Islorekira,El_Salvador,54,0.215964,"2022-06-15 11:14:21"
235,Salunne,El_Salvador,25,0.320494,"2022-06-26 09:12:54"
236,Mayurin,El_Salvador,39,0.320873,"2022-08-15 19:10:10"
237,Layarin,El_Salvador,23,0.438477,"2022-05-08 18:36:23"
238,Salebreba,El_Salvador,34,0.104714,"2022-12-12 03:00:58"
239,Siladarin,El_Salvador,76,0.973767,"2022-07-22 08:30:31"
240,Ce'Nekira,El_Salvador,83,0.0672436,"2022-12-05 10:48:49"
241,Mayena,El_Salvador,92,0.562519,"2022-02-14 16:29:11"
242,Xanikira,El_Salvador,49,0.3525,"2022-02-24 17:20:38"
243,Salegama,El_Salvador,30,0.627535,"2022-04-03 16:53:26"
244,Cyrikira,El_Salvador,88,0.97731,"2022-03-13 00:35:32"
245,Aerith,El_Salvador,90,0.613656,"2022-07-16 14:35:27"
246,Silodatha,El_Salvador,28,0.704709,"2022-02-10 16:43:19"
247,Veleriawe,El_Salvador,47,0.816999,"2022-04-17 15:01:20"
248,Yvirina,El_Salvador,90,0.964015,"2022-02-21 04:01:51"
249,Velelrana,El_Salvador,34,0.94954,"2022-05-01 19:58:01"
250,Betavea,El_Salvador,56,0.244331,"2022-01-28 13:06:42"
251,Betheyaldanor,El_Salvador,49,0.4315,"2022-01-24 11:29:30"
252,Elimina,El_Salvador,62,0.796181,"2022-04-22 17:32:58"
253,Arulramira,El_Salvador,93,0.0567031,"2022-03-25 21:57:30"
254,Neribrenn,El_Salvador,39,0.249338,"2022-10-04 12:40:44"
255,Bethuriadanne,El_Salvador,29,0.0760311,"2022-02-01 12:58:27"
256,Saluwe,El_Salvador,58,0.18841,"2022-02-08 23:32:15"
257,Velamimina,El_Salvador,88,0.367487,"2022-08-03 12:04:35"
258,Ematira,El_Salvador,61,0.718429,"2022-05-05 22:10:34"
259,Aeralratha,El_Salvador,68,0.221721,"2022-05-26 01:10:15"
260,Gorithra,El_Salvador,92,0.714921,"2022-12-06 14:20:17"
261,Lisyvena,El_Salvador,27,0.575457,"2022-07-15 22:16:08"
262,Ce'Nylle,El_Salvador,43,0.643972,"2022-03-16 23:33:55"
263,Zuboba,El_Salvador,32,0.165388,"2022-03-31 23:31:13"
264,Lisiwen,El_Salvador,25,0.406473,"2022-08-02 07:50:27"
265,Islata,El_Salvador,81,0.260696,"2022-04-01 08:02:21"
266,Glorelrathra,El_Salvador,54,0.727532,"2022-10-15 01:01:35"
267,Belumira,El_Salvador,51,0.356391,"2022-10-29 12:19:20"
268,Silothra,El_Salvador,77,0.346846,"2022-08-08 04:49:56"
269,Emelissra,El_Salvador,77,0.778962,"2022-09-08 06:28:00"
270,Gloruba,El_Salvador,97,0.617128,"2022-11-06 05:30:10"
271,Siloba,El_Salvador,16,0.708462,"2022-07-03 03:54:25"
272,Xanada,El_Salvador,30,0.592178,"2022-10-08 13:41:18"
273,Islulaith,El_Salvador,20,0.626731,"2022-09-18 07:45:21"
274,Velywen,El_Salvador,39,0.0654254,"2022-07-25 11:59:39"
275,Isalaith,El_Salvador,27,0.607701,"2022-04-05 06:17:30"
276,Gloratta,El_Salvador,84,0.704414,"2022-07-23 22:00:57"
277,Glorarelle,El_Salvador,93,0.0749543,"2022-11-19 07:32:47"
278,Elurewyn,El_Salvador,49,0.596486,"2022-08-19 05:36:36"
279,Geriana,El_Salvador,20,0.937674,"2022-07-22 21:24:51"
280,Glorelle,El_Salvador,15,0.654067,"2022-04-11 02:33:38"
281,Siloyathra,El_Salvador,66,0.741146,"2022-10-05 19:02:57"
282,Adiwyn,El_Salvador,23,0.300166,"2022-08-03 01:22:04"
283,Adygaretta,El_Salvador,94,0.603149,"2022-11-18 10:46:54"
284,Eilinetira,El_Salvador,53,0.215053,"2022-02-14 23:53:22"
285,Ce'Nadawen,El_Salvador,39,0.0466682,"2022-04-03 17:24:27"
286,Emovea,El_Salvador,87,0.957264,"2022-07-08 03:59:58"
287,Arywyn,El_Salvador,21,0.509598,"2022-10-06 23:07:14"
288,Aruma,El_Salvador,68,0.481534,"2022-02-27 11:39:58"
289,Xeba,El_Salvador,28,0.504818,"2022-12-29 06:46:50"
290,Salymira,El_Salvador,75,0.447156,"2022-06-22 06:57:21"
291,Eilinidavena,El_Salvador,71,0.891535,"2022-05-24 04:31:31"
292,Saluwyn,El_Salvador,91,0.747983,"2022-07-03 06:23:40"
293,Isloma,El_Salvador,43,0.36963,"2022-04-27 10:29:17"
294,Bethylrath,El_Salvador,75,0.61615,"2022-05-09 08:47:09"
295,Voribeth,El_Salvador,76,0.528671,"2022-07-15 00:18:22"
296,Emithra,El_Salvador,13,0.784286,"2022-01-24 16:46:35"
297,Betitha,El_Salvador,28,0.542536,"2022-03-09 23:51:01"
298,Islemira,El_Salvador,76,0.759247,"2022-01-25 01:49:42"
299,Aeromira,El_Salvador,37,0.511541,"2022-05-02 15:19:01"
300,Porerira,El_Salvador,52,0.39593,"2022-11-10 04:16:25"
301,Yvuravea,El_Salvador,75,0.308288,"2022-03-03 07:22:46"
302,Ce'Nath,El_Salvador,80,0.43441,"2022-03-30 07:55:32"
303,Porygama,Switzerland,43,0.528722,"2022-11-07 19:17:35"
304,Betota,Switzerland,52,0.731793,"2022-11-29 17:54:44"
305,Vororitira,Switzerland,24,0.011776,"2022-03-02 14:25:54"
306,Getha,Switzerland,93,0.813422,"2022-09-18 07:06:35"
307,Adima,Switzerland,49,0.381402,"2022-09-27 23:52:15"
308,Aererawe,Switzerland,46,0.279095,"2022-02-08 23:49:58"
309,Ce'Nora,Switzerland,58,0.191316,"2022-01-18 19:28:07"
310,Betuwen,Switzerland,39,0.638557,"2022-05-16 04:11:03"
311,Betatha,Switzerland,17,0.318385,"2022-10-02 13:15:48"
312,Bethiba,Switzerland,93,0.204319,"2022-01-23 23:15:36"
313,Islyrith,Switzerland,87,0.506541,"2022-08-16 22:53:08"
314,Zubutira,Switzerland,50,0.370371,"2022-05-25 15:15:13"
315,Porimira,Switzerland,84,0.61294,"2022-04-24 03:19:10"
316,Polymivena,Switzerland,92,0.273172,"2022-03-16 18:55:51"
317,Silana,Switzerland,29,0.343025,"2022-01-19 03:24:24"
318,Velidanor,Switzerland,75,0.0267268,"2022-03-23 14:48:58"
319,Politha,Switzerland,43,0.107296,"2022-04-16 14:47:55"
320,Xanewe,Switzerland,35,0.250301,"2022-11-05 16:16:46"
321,Silitira,Switzerland,26,0.0432584,"2022-07-26 17:03:39"
322,Zubeldawe,Switzerland,16,0.286146,"2022-11-18 16:13:44"
323,Silumina,Switzerland,72,0.868765,"2022-02-01 13:28:08"
324,Gloredakira,Switzerland,56,0.134492,"2022-02-21 13:04:20"
325,Silonne,Switzerland,89,0.601473,"2022-03-06 18:36:37"
326,Betolrarin,Switzerland,41,0.431362,"2022-11-18 06:24:38"
327,Eilinelaith,Switzerland,15,0.419676,"2022-12-25 11:19:49"
328,Arerasekira,Switzerland,61,0.941226,"2022-07-25 10:16:35"
329,Zubawen,Switzerland,35,0.339045,"2022-01-17 17:21:32"
330,Saliba,Switzerland,32,0.641576,"2022-11-07 00:36:19"
331,Isloretta,Switzerland,61,0.829717,"2022-12-17 02:49:08"
332,Gloromira,Switzerland,88,0.476241,"2022-10-02 10:04:40"
333,Glororara,Switzerland,65,0.689545,"2022-08-09 10:53:59"
334,Emamina,Switzerland,65,0.244083,"2022-10-13 23:58:42"
335,Xerada,Switzerland,20,0.778771,"2022-12-07 17:10:39"
336,Belyba,Switzerland,72,0.234049,"2022-03-30 02:10:15"
337,Emoma,Switzerland,98,0.51169,"2022-03-27 03:50:58"
338,Glunn,Switzerland,52,0.132106,"2022-11-29 03:35:06"
339,Guminn,Switzerland,50,0.782743,"2022-06-13 15:33:19"
340,Veluwyn,Switzerland,68,0.936754,"2022-04-07 15:13:50"
341,Adilelle,Switzerland,29,0.8278,"2022-06-02 13:52:51"
342,Zubawyn,Switzerland,82,0.291862,"2022-06-23 22:31:38"
343,Islaseth,Switzerland,31,0.604072,"2022-01-16 18:00:30"
344,Velobrewe,Switzerland,88,0.849356,"2022-11-01 15:34:52"
345,Iserith,Switzerland,78,0.648383,"2022-07-05 04:43:24"
346,Silivena,Switzerland,37,0.506663,"2022-02-25 10:17:41"
347,Neryrenne,Switzerland,97,0.255215,"2022-03-03 17:43:51"
348,Guyaba,Switzerland,98,0.124668,"2022-11-16 19:03:39"
349,Ce'Natta,Switzerland,19,0.126267,"2022-09-09 12:04:46"
350,Betuta,Switzerland,74,0.931336,"2022-10-06 12:31:10"
351,Gysewe,Switzerland,97,0.251368,"2022-01-21 02:03:37"
352,Gledhenne,Switzerland,74,0.979259,"2022-03-11 05:59:26"
353,Salulaith,Switzerland,40,0.165083,"2022-09-18 08:55:32"
354,Emeliyabeth,Switzerland,60,0.107008,"2022-11-11 11:59:01"
355,Isildawe,Switzerland,50,0.876999,"2022-11-05 02:25:49"
356,Aerolaith,Switzerland,65,0.174499,"2022-02-19 20:57:09"
357,Polira,Switzerland,77,0.871928,"2022-08-20 16:11:48"
358,Cyrelle,Switzerland,43,0.719271,"2022-03-05 19:42:08"
359,Nerada,Switzerland,94,0.23677,"2022-12-28 00:35:42"
360,Lisuta,Switzerland,67,0.00454795,"2022-03-27 23:57:59"
361,Arema,Switzerland,15,0.610713,"2022-04-18 13:20:43"
362,Eilinotha,Switzerland,41,0.739845,"2022-02-02 19:03:51"
363,Emelinn,Switzerland,34,0.239737,"2022-06-14 21:11:40"
364,Xananor,Switzerland,15,0.735049,"2022-06-21 04:52:36"
365,Aerakira,Switzerland,74,0.891175,"2022-12-03 15:12:36"
366,Saloldama,Switzerland,60,0.249118,"2022-07-29 12:33:56"
367,Beluna,Switzerland,53,0.447249,"2022-01-12 11:36:48"
368,Lisirith,Switzerland,90,0.863101,"2022-01-20 22:06:15"
369,Neruwe,Switzerland,17,0.557899,"2022-11-26 11:48:01"
370,Xeriba,Switzerland,58,0.921915,"2022-11-19 16:16:20"
371,Gloridhera,Switzerland,53,0.503298,"2022-09-04 10:52:33"
372,Yvuriarin,Switzerland,67,0.700482,"2022-11-11 02:19:58"
373,Islukira,Switzerland,39,0.355371,"2022-03-18 01:30:42"
374,Islolekira,Switzerland,23,0.965035,"2022-05-21 07:50:41"
375,Xanulle,Switzerland,72,0.406811,"2022-03-01 06:45:08"
376,Salitira,Switzerland,84,0.680084,"2022-09-28 03:58:03"
377,Xanotta,Switzerland,22,0.816168,"2022-11-03 22:10:52"
378,Glawyn,Switzerland,57,0.576117,"2022-06-08 01:18:14"
379,Poluldana,Switzerland,92,0.529958,"2022-09-20 20:26:54"
380,Ce'Numa,Switzerland,82,0.607347,"2022-07-02 02:27:08"
381,Belevea,Switzerland,74,0.46182,"2022-12-26 00:06:52"
382,Xeribeth,Switzerland,80,0.23686,"2022-10-07 04:57:18"
383,Lisetha,Switzerland,87,0.771824,"2022-09-18 20:06:07"
384,Neroba,Switzerland,12,0.518396,"2022-03-16 11:25:34"
385,Gyta,Switzerland,20,0.118573,"2022-12-23 16:24:58"
386,Poloma,Switzerland,34,0.679222,"2022-04-13 12:27:48"
387,Mayuna,Switzerland,60,0.502547,"2022-06-07 07:07:18"
388,Betuna,Switzerland,69,0.64329,"2022-12-14 12:10:55"
389,Yvonn,Switzerland,82,0.876747,"2022-03-14 16:53:10"
390,Xanavea,Switzerland,39,0.225899,"2022-10-31 12:42:42"
391,Arudanor,Switzerland,98,0.90168,"2022-08-30 16:22:58"
392,Aeriserin,Switzerland,66,0.522514,"2022-07-05 22:36:33"
393,Silolaith,Switzerland,32,0.743747,"2022-11-03 17:35:08"
394,Xanulrawe,Switzerland,73,0.094652,"2022-05-24 02:30:48"
395,Eilinidhenne,Switzerland,45,0.0395749,"2022-04-21 04:27:48"
396,Adetira,Switzerland,82,0.71013,"2022-10-09 10:23:54"
397,Mayena,Switzerland,73,0.136818,"2022-09-06 05:06:36"
398,Zubokira,Switzerland,72,0.429763,"2022-06-05 21:44:43"
399,Aerylrath,Switzerland,74,0.872124,"2022-06-30 23:34:42"
400,Emelolle,Switzerland,34,0.956584,"2022-05-16 01:13:45"
401,Betanne,Switzerland,66,0.59684,"2022-05-30 00:45:04"
402,Isodara,Switzerland,75,0.504557,"2022-09-20 19:11:16"
403,Porewe,Malaysia,87,0.0233089,"2022-08-28 09:31:55"
404,Belidathra,Morocco,29,0.48603,"2022-08-10 10:53:43"
405,Mayukira,Sri_Lanka,88,0.76144,"2022-12-11 17:14:47"
406,Nerydhemira,Nigeria,29,0.0223687,"2022-12-26 09:17:12"
407,Xererin,Malaysia,24,0.57903,"2022-01-30 13:45:14"
408,Bethorinor,East_Timor,34,0.489231,"2022-11-20 12:52:44"
409,Polalema,Nigeria,57,0.310706,"2022-04-23 11:13:12"
410,Ce'Nigamira,Malaysia,44,0.421797,"2022-09-05 03:38:42"
411,Eilinaba,South_Sudan,59,0.7403,"2022-03-10 21:00:45"
412,Gloromina,Sri_Lanka,25,0.613386,"2022-04-17 02:06:30"
413,Cyrolrann,Sri_Lanka,15,0.991292,"2022-07-01 20:33:23"
414,Adyldath,Nigeria,68,0.710808,"2022-11-07 17:39:06"
415,Voridassra,Nigeria,15,0.456581,"2022-02-19 15:32:40"
416,Adidalaith,Nigeria,75,0.656008,"2022-12-09 21:50:17"
417,Velyta,South_Sudan,97,0.591202,"2022-03-06 07:03:35"
418,Voruratha,Uganda,43,0.861772,"2022-10-05 03:37:44"
419,Vororada,Morocco,76,0.18599,"2022-07-29 08:39:52"
420,Cyrolenn,Sri_Lanka,44,0.959461,"2022-04-09 23:19:05"
421,Emelemithra,South_Sudan,45,0.312592,"2022-06-19 09:42:17"
422,Eiliniriassra,Uganda,68,0.802039,"2022-07-16 07:47:32"
423,Elodasethra,Sri_Lanka,78,0.874582,"2022-09-29 21:23:48"
424,Gloromina,Morocco,52,0.946027,"2022-12-07 22:26:21"
425,Xeremina,Uganda,77,0.466313,"2022-10-14 20:00:14"
426,Eilinutha,South_Sudan,12,0.688022,"2022-11-10 13:12:57"
427,Bethumitta,East_Timor,48,0.201809,"2022-02-25 06:40:41"
428,Ivodavea,Nigeria,84,0.200985,"2022-11-25 05:00:30"
429,Gubeth,South_Sudan,18,0.575786,"2022-07-28 08:27:51"
430,Elyramina,Nigeria,56,0.0530987,"2022-07-31 17:04:59"
431,Velann,Nigeria,71,0.958719,"2022-08-16 05:39:20"
432,Lisarin,Uganda,48,0.961044,"2022-10-15 23:53:54"
433,Bethowen,Nigeria,86,0.0694087,"2022-07-03 17:57:44"
434,Mayydherin,Uganda,44,0.764477,"2022-02-19 16:04:41"
435,Porotha,South_Sudan,32,0.41157,"2022-09-07 02:38:51"
436,Emelugakira,Morocco,97,0.525848,"2022-11-06 16:16:17"
437,Poroldama,Nigeria,43,0.528185,"2022-10-18 04:51:45"
438,Silylle,Sri_Lanka,73,0.576602,"2022-01-07 11:56:22"
439,Saloba,Bulgaria,25,0.0178632,"2022-05-05 06:57:27"
440,Polaleta,Sri_Lanka,69,0.723222,"2022-08-12 18:17:22"
441,Elann,Malaysia,84,0.17812,"2022-05-26 23:17:35"
442,Betamivea,Nigeria,53,0.0518339,"2022-02-08 07:35:28"
443,Voretira,Morocco,16,0.860345,"2022-01-27 03:31:46"
444,Xanibrekira,Morocco,43,0.55672,"2022-06-28 02:28:02"
445,Isiwen,South_Sudan,63,0.442848,"2022-04-17 03:40:19"
446,Ivemina,Bulgaria,93,0.500008,"2022-01-31 05:09:49"
447,Cyrakira,Malaysia,70,0.51041,"2022-12-01 05:00:40"
448,Emelarita,Sri_Lanka,76,0.51881,"2022-12-19 14:16:23"
449,Beletira,South_Sudan,59,0.315398,"2022-08-20 10:53:26"
450,Elewe,Bulgaria,15,0.491367,"2022-11-29 19:54:22"
451,Belossra,Somalia,80,0.734893,"2022-07-12 05:38:48"
452,Eluvea,Morocco,41,0.312316,"2022-06-02 14:10:49"
453,Aerelratira,Sri_Lanka,15,0.0159963,"2022-02-09 18:56:51"
454,Belyldath,South_Sudan,77,0.678143,"2022-11-08 23:30:37"
455,Silimiba,Morocco,38,0.786676,"2022-08-11 02:54:56"
456,Betinne,Malaysia,98,0.456689,"2022-03-16 20:35:21"
457,Xolaith,Sri_Lanka,65,0.0114981,"2022-12-27 16:08:50"
458,Neryravea,Morocco,68,0.024974,"2022-06-05 00:25:54"
459,Nereba,Bulgaria,30,0.888965,"2022-04-13 16:42:41"
460,Lisuwyn,Bulgaria,17,0.456179,"2022-07-13 21:03:01"
461,Silona,East_Timor,70,0.0283563,"2022-04-24 16:45:24"
462,Silubrelle,Uganda,28,0.638943,"2022-04-30 10:46:55"
463,Lisutira,Sri_Lanka,64,0.413799,"2022-07-08 06:10:19"
464,Arybrevea,Nigeria,68,0.133886,"2022-07-21 03:40:37"
465,Xanagamira,Sri_Lanka,78,0.794896,"2022-02-16 13:27:07"
466,Bethilemissra,Somalia,19,0.567278,"2022-05-26 22:19:12"
467,Giwen,East_Timor,43,0.554764,"2022-04-25 13:37:12"
468,Adyra,Malaysia,64,0.476084,"2022-03-28 12:16:01"
469,Betudhevea,Uganda,40,0.773609,"2022-03-14 13:18:40"
470,Yvylelrath,South_Sudan,86,0.443176,"2022-02-01 06:15:26"
471,Gorerin,South_Sudan,68,0.671081,"2022-06-09 04:08:17"
472,Ivibeth,Morocco,43,0.899464,"2022-07-04 11:40:57"
473,Emerianne,Malaysia,90,0.283801,"2022-10-07 02:29:43"
474,Silyriama,Malaysia,37,0.759974,"2022-07-27 18:58:59"
475,Eleth,Somalia,12,0.905677,"2022-08-29 14:16:08"
476,Polibrekira,Uganda,72,0.442855,"2022-09-17 12:19:24"
477,Elarith,South_Sudan,25,0.527651,"2022-03-10 14:41:33"
478,Nererin,South_Sudan,47,0.784566,"2022-01-22 01:02:25"
479,Betemina,Nigeria,28,0.877542,"2022-11-05 15:47:22"
480,Xavena,Nigeria,44,0.0119631,"2022-06-08 07:50:48"
481,Layerialle,East_Timor,38,0.481429,"2022-06-04 10:12:50"
482,Isloriarin,Nigeria,12,0.30105,"2022-08-22 14:50:55"
483,Ivivena,Morocco,89,0.00610137,"2022-03-14 18:11:31"
484,Emadhenne,South_Sudan,90,0.186768,"2022-09-23 05:15:26"
485,Ivinne,Morocco,75,0.275578,"2022-06-07 18:42:35"
486,Elitha,East_Timor,28,0.196889,"2022-01-20 10:28:09"
487,Gytira,Bulgaria,45,0.259819,"2022-06-26 19:14:19"
488,Voreyara,Nigeria,44,0.862315,"2022-03-07 12:36:53"
489,Silalaith,Morocco,42,0.195239,"2022-08-16 07:56:56"
490,Zubybeth,Uganda,75,0.878744,"2022-06-09 05:56:34"
491,Porassra,Bulgaria,98,0.730734,"2022-03-20 01:56:31"
492,Cyrora,Malaysia,54,0.0416193,"2022-07-01 08:12:36"
493,Emeliwen,Uganda,47,0.37629,"2022-11-12 06:21:38"
494,Xaninne,Nigeria,75,0.264506,"2022-06-29 12:33:45"
495,Aerenn,Nigeria,89,0.71972,"2022-09-04 04:50:38"
496,Ce'Nyyathra,East_Timor,85,0.514183,"2022-03-25 15:52:58"
497,Xanutha,East_Timor,30,0.520503,"2022-03-28 13:37:36"
498,Layynor,Morocco,78,0.0314254,"2022-05-12 13:11:47"
499,Polithra,Somalia,50,0.450653,"2022-12-11 20:35:15"
500,Nerudhevena,South_Sudan,49,0.98274,"2022-06-15 10:44:06"
501,Vorinn,Malaysia,48,0.754979,"2022-07-29 17:11:17"
502,Salebrevea,Malaysia,59,0.75212,"2022-08-25 23:42:49"
